order_id,order_date,customer_name,category,region,unit_price,quantity,rating,revenue,month
1845,2025-01-02,Sneha Kulkarni,Electronics,West,368.29,2,4.0,736.58,2025-01-01
1901,2025-01-02,Vikram Singh,Home,North,121.16,1,5.0,121.16,2025-01-01
1381,2025-01-02,Asha Patil,Sports,East,161.25,2,4.0,322.5,2025-01-01
1773,2025-01-02,Vikram Singh,Clothing,North,93.86,5,4.0,469.3,2025-01-01
1846,2025-01-02,Sneha Kulkarni,Home,East,222.77,4,3.0,891.08,2025-01-01
1707,2025-01-03,Arjun Rao,Home,South,236.28,1,3.0,236.28,2025-01-01
1465,2025-01-03,Arjun Rao,Clothing,West,74.01,1,4.0,74.01,2025-01-01
1575,2025-01-03,Asha Patil,Home,North,103.96,1,4.0,103.96,2025-01-01
2190,2025-01-03,Rohan Mehta,Electronics,South,607.81,1,4.0,607.81,2025-01-01
1104,2025-01-03,Rohan Mehta,Sports,North,47.97,1,5.0,47.97,2025-01-01
1303,2025-01-04,Arjun Rao,Electronics,West,755.21,1,1.0,755.21,2025-01-01
2070,2025-01-04,Vikram Singh,Sports,West,26.52,4,3.0,106.08,2025-01-01
2175,2025-01-04,Unknown,Home,East,136.32,1,5.0,136.32,2025-01-01
1801,2025-01-05,Priya Nair,Clothing,South,58.18,5,4.0,290.9,2025-01-01
1790,2025-01-05,Rohan Mehta,Electronics,North,451.78,4,4.0,1807.12,2025-01-01
2121,2025-01-06,Priya Nair,Electronics,South,899.54,3,4.0,2698.62,2025-01-01
1889,2025-01-06,Arjun Rao,Sports,South,65.92,1,5.0,65.92,2025-01-01
2038,2025-01-06,Sneha Kulkarni,Sports,East,68.68,3,4.0,206.04,2025-01-01
1410,2025-01-06,Asha Patil,Clothing,South,25.94,5,2.0,129.7,2025-01-01
1839,2025-01-06,Unknown,Sports,East,168.13,1,1.0,168.13,2025-01-01
1415,2025-01-07,Arjun Rao,Clothing,South,111.85,2,4.0,223.7,2025-01-01
1478,2025-01-07,Arjun Rao,Clothing,South,37.71,2,4.0,75.42,2025-01-01
1300,2025-01-08,Rohan Mehta,Home,West,74.85,1,5.0,74.85,2025-01-01
1233,2025-01-08,Sneha Kulkarni,Clothing,South,51.21,1,1.0,51.21,2025-01-01
1540,2025-01-08,Vikram Singh,Home,North,35.9,1,3.0,35.9,2025-01-01
1272,2025-01-09,Meera Joshi,Electronics,North,486.19,4,3.0,1944.76,2025-01-01
1821,2025-01-09,Sneha Kulkarni,Beauty,North,62.4,4,4.0,249.6,2025-01-01
1170,2025-01-09,Rohan Mehta,Home,West,137.26,4,4.0,549.04,2025-01-01
2167,2025-01-09,Sneha Kulkarni,Sports,North,77.68,3,5.0,233.04,2025-01-01
1369,2025-01-09,Sneha Kulkarni,Home,North,95.4,1,2.0,95.4,2025-01-01
1429,2025-01-10,Arjun Rao,Beauty,East,40.540000000000006,4,3.0,162.16,2025-01-01
2180,2025-01-10,Vikram Singh,Clothing,East,106.89,2,4.0,213.78,2025-01-01
1454,2025-01-10,Rohan Mehta,Electronics,North,590.64,4,5.0,2362.56,2025-01-01
1830,2025-01-11,Vikram Singh,Clothing,South,40.34,2,3.0,80.68,2025-01-01
1787,2025-01-12,Arjun Rao,Beauty,North,28.73,4,4.0,114.92,2025-01-01
1138,2025-01-12,Sneha Kulkarni,Clothing,West,78.36,4,5.0,313.44,2025-01-01
1385,2025-01-12,Asha Patil,Electronics,South,544.85,2,2.0,1089.7,2025-01-01
1147,2025-01-13,Asha Patil,Clothing,East,36.14,3,4.0,108.42,2025-01-01
1663,2025-01-13,Arjun Rao,Clothing,East,24.49,3,2.0,73.47,2025-01-01
1970,2025-01-14,Vikram Singh,Clothing,West,119.06,4,5.0,476.24,2025-01-01
1328,2025-01-14,Rohan Mehta,Sports,West,115.355,4,4.0,461.42,2025-01-01
1844,2025-01-14,Rohan Mehta,Electronics,West,797.19,2,4.0,1594.38,2025-01-01
1117,2025-01-14,Priya Nair,Home,East,171.8,5,5.0,859.0,2025-01-01
1870,2025-01-15,Asha Patil,Electronics,East,500.46,1,5.0,500.46,2025-01-01
1562,2025-01-16,Arjun Rao,Home,South,31.9,4,2.0,127.6,2025-01-01
2019,2025-01-16,Vikram Singh,Sports,North,98.23,3,4.0,294.69,2025-01-01
1902,2025-01-16,Meera Joshi,Sports,West,115.89,4,2.0,463.56,2025-01-01
2099,2025-01-16,Asha Patil,Sports,West,132.15,2,4.0,264.3,2025-01-01
1250,2025-01-16,Arjun Rao,Sports,North,80.53,1,5.0,80.53,2025-01-01
1056,2025-01-16,Priya Nair,Clothing,North,119.88,5,5.0,599.4,2025-01-01
1817,2025-01-16,Sneha Kulkarni,Home,East,65.42,5,4.0,327.1,2025-01-01
1397,2025-01-17,Priya Nair,Home,South,35.53,3,4.0,106.59,2025-01-01
1352,2025-01-17,Vikram Singh,Clothing,North,18.59,1,2.0,18.59,2025-01-01
1811,2025-01-17,Vikram Singh,Beauty,East,62.97,5,1.0,314.85,2025-01-01
2110,2025-01-17,Priya Nair,Clothing,West,74.62,2,2.0,149.24,2025-01-01
1574,2025-01-18,Meera Joshi,Beauty,West,23.55,4,4.0,94.2,2025-01-01
1699,2025-01-19,Arjun Rao,Beauty,South,58.81,2,1.0,117.62,2025-01-01
1848,2025-01-19,Meera Joshi,Home,West,203.71,3,2.0,611.13,2025-01-01
1584,2025-01-19,Priya Nair,Electronics,West,156.46,4,3.0,625.84,2025-01-01
1898,2025-01-20,Sneha Kulkarni,Home,South,27.39,2,5.0,54.78,2025-01-01
1887,2025-01-20,Priya Nair,Sports,South,62.98,5,2.0,314.9,2025-01-01
1546,2025-01-20,Unknown,Clothing,East,21.97,4,4.0,87.88,2025-01-01
1542,2025-01-21,Sneha Kulkarni,Beauty,West,12.29,5,4.0,61.45,2025-01-01
2026,2025-01-21,Arjun Rao,Beauty,East,53.82,5,3.0,269.1,2025-01-01
2021,2025-01-21,Sneha Kulkarni,Clothing,South,45.22,3,4.0,135.66,2025-01-01
1858,2025-01-21,Vikram Singh,Clothing,North,74.37,5,5.0,371.85,2025-01-01
2136,2025-01-22,Sneha Kulkarni,Beauty,East,37.25,3,4.0,111.75,2025-01-01
1150,2025-01-22,Arjun Rao,Beauty,North,65.35,5,4.0,326.75,2025-01-01
1619,2025-01-23,Priya Nair,Home,North,35.5,2,2.0,71.0,2025-01-01
1279,2025-01-24,Arjun Rao,Home,East,89.32,1,3.0,89.32,2025-01-01
1036,2025-01-24,Rohan Mehta,Electronics,North,221.39,1,5.0,221.39,2025-01-01
1387,2025-01-25,Arjun Rao,Clothing,North,100.91,3,1.0,302.73,2025-01-01
1045,2025-01-25,Arjun Rao,Home,East,58.49,3,4.0,175.47,2025-01-01
2035,2025-01-25,Sneha Kulkarni,Sports,South,143.09,5,4.0,715.45,2025-01-01
1518,2025-01-25,Priya Nair,Beauty,North,55.37,3,5.0,166.11,2025-01-01
1899,2025-01-26,Asha Patil,Clothing,West,56.3,5,5.0,281.5,2025-01-01
2022,2025-01-27,Sneha Kulkarni,Home,West,176.2,5,5.0,881.0,2025-01-01
1659,2025-01-27,Asha Patil,Home,West,82.83,3,3.0,248.49,2025-01-01
2055,2025-01-28,Arjun Rao,Sports,South,156.45,5,1.0,782.25,2025-01-01
1069,2025-01-28,Vikram Singh,Clothing,East,70.5,1,4.0,70.5,2025-01-01
1217,2025-01-29,Arjun Rao,Sports,West,70.33,3,4.0,210.99,2025-01-01
2027,2025-01-29,Priya Nair,Clothing,South,63.85,2,4.0,127.7,2025-01-01
1127,2025-01-29,Rohan Mehta,Clothing,East,51.98,1,3.0,51.98,2025-01-01
1439,2025-01-30,Arjun Rao,Clothing,East,53.68,1,4.0,53.68,2025-01-01
2096,2025-01-30,Priya Nair,Home,East,40.34,5,5.0,201.7,2025-01-01
1431,2025-01-31,Unknown,Home,West,97.97,5,5.0,489.85,2025-01-01
1246,2025-01-31,Arjun Rao,Sports,East,27.62,2,5.0,55.24,2025-01-01
1678,2025-01-31,Vikram Singh,Electronics,North,527.38,2,4.0,1054.76,2025-01-01
2122,2025-01-31,Vikram Singh,Clothing,East,15.79,4,1.0,63.16,2025-01-01
1280,2025-01-31,Vikram Singh,Home,West,27.15,2,5.0,54.3,2025-01-01
1007,2025-02-01,Meera Joshi,Sports,North,33.33,2,4.0,66.66,2025-02-01
1196,2025-02-01,Asha Patil,Clothing,East,94.15,2,3.0,188.3,2025-02-01
1881,2025-02-01,Meera Joshi,Clothing,East,99.06,2,5.0,198.12,2025-02-01
1753,2025-02-01,Meera Joshi,Clothing,South,82.59,4,4.0,330.36,2025-02-01
1728,2025-02-02,Rohan Mehta,Home,West,227.57,3,3.0,682.71,2025-02-01
1172,2025-02-02,Asha Patil,Home,North,242.98,2,2.0,485.96,2025-02-01
1001,2025-02-02,Priya Nair,Clothing,East,79.09,4,4.0,316.36,2025-02-01
1695,2025-02-02,Arjun Rao,Clothing,North,107.78,1,5.0,107.78,2025-02-01
1033,2025-02-03,Vikram Singh,Electronics,North,487.93,4,4.0,1951.72,2025-02-01
1133,2025-02-03,Sneha Kulkarni,Electronics,South,732.49,5,5.0,3662.45,2025-02-01
1359,2025-02-03,Asha Patil,Clothing,North,58.49,1,4.0,58.49,2025-02-01
1826,2025-02-03,Meera Joshi,Clothing,East,59.36,3,4.0,178.08,2025-02-01
1910,2025-02-03,Arjun Rao,Beauty,South,47.85,5,4.0,239.25,2025-02-01
1951,2025-02-04,Arjun Rao,Electronics,East,527.38,4,1.0,2109.52,2025-02-01
1581,2025-02-04,Vikram Singh,Beauty,West,60.56,3,4.0,181.68,2025-02-01
1674,2025-02-04,Sneha Kulkarni,Home,East,139.54,3,3.0,418.62,2025-02-01
1243,2025-02-04,Vikram Singh,Home,West,165.44,5,4.0,827.2,2025-02-01
1791,2025-02-04,Rohan Mehta,Sports,North,158.18,5,4.0,790.9,2025-02-01
1376,2025-02-04,Asha Patil,Home,North,150.13,5,1.0,750.65,2025-02-01
1977,2025-02-04,Rohan Mehta,Beauty,South,48.21,4,5.0,192.84,2025-02-01
1700,2025-02-04,Sneha Kulkarni,Clothing,South,67.35,2,3.0,134.7,2025-02-01
1010,2025-02-04,Meera Joshi,Clothing,East,24.1,1,4.0,24.1,2025-02-01
1218,2025-02-05,Vikram Singh,Home,West,27.37,1,4.0,27.37,2025-02-01
1087,2025-02-05,Priya Nair,Clothing,South,28.36,3,2.0,85.08,2025-02-01
1588,2025-02-06,Vikram Singh,Sports,North,28.08,3,3.0,84.24,2025-02-01
1891,2025-02-06,Vikram Singh,Electronics,East,861.48,1,4.0,861.48,2025-02-01
1580,2025-02-07,Rohan Mehta,Clothing,East,87.86,3,5.0,263.58,2025-02-01
1258,2025-02-07,Priya Nair,Sports,West,105.48,4,4.0,421.92,2025-02-01
1171,2025-02-08,Arjun Rao,Clothing,West,47.78,3,4.0,143.34,2025-02-01
1818,2025-02-08,Rohan Mehta,Home,North,218.0,3,5.0,654.0,2025-02-01
1516,2025-02-08,Vikram Singh,Electronics,East,365.6,2,4.0,731.2,2025-02-01
1460,2025-02-08,Priya Nair,Beauty,North,34.6,3,3.0,103.8,2025-02-01
1583,2025-02-08,Arjun Rao,Electronics,West,262.95,4,5.0,1051.8,2025-02-01
2166,2025-02-08,Priya Nair,Electronics,West,557.21,3,4.0,1671.63,2025-02-01
1480,2025-02-09,Rohan Mehta,Clothing,South,83.08,2,4.0,166.16,2025-02-01
1322,2025-02-09,Meera Joshi,Beauty,North,10.03,5,3.0,50.15,2025-02-01
1310,2025-02-09,Vikram Singh,Clothing,West,32.1,1,5.0,32.1,2025-02-01
1808,2025-02-10,Rohan Mehta,Electronics,East,324.41,5,4.0,1622.05,2025-02-01
1501,2025-02-11,Vikram Singh,Electronics,North,861.66,1,4.0,861.66,2025-02-01
1873,2025-02-11,Priya Nair,Electronics,West,448.98,5,4.0,2244.9,2025-02-01
1120,2025-02-11,Asha Patil,Sports,South,191.57,2,4.0,383.14,2025-02-01
1726,2025-02-12,Priya Nair,Sports,South,47.18,3,4.0,141.54,2025-02-01
2020,2025-02-12,Vikram Singh,Electronics,South,842.48,2,4.0,1684.96,2025-02-01
1365,2025-02-12,Rohan Mehta,Sports,South,178.29,5,4.0,891.45,2025-02-01
1538,2025-02-12,Priya Nair,Clothing,West,53.81,5,4.0,269.05,2025-02-01
1863,2025-02-13,Rohan Mehta,Electronics,North,527.38,1,4.0,527.38,2025-02-01
1946,2025-02-13,Sneha Kulkarni,Clothing,North,66.785,3,2.0,200.36,2025-02-01
1198,2025-02-13,Asha Patil,Electronics,East,527.38,2,4.0,1054.76,2025-02-01
1497,2025-02-13,Vikram Singh,Clothing,South,91.49,4,5.0,365.96,2025-02-01
1313,2025-02-13,Vikram Singh,Sports,West,52.02,1,5.0,52.02,2025-02-01
2050,2025-02-13,Meera Joshi,Beauty,North,31.34,3,5.0,94.02,2025-02-01
2157,2025-02-13,Meera Joshi,Electronics,West,267.77,4,4.0,1071.08,2025-02-01
1778,2025-02-13,Meera Joshi,Sports,East,174.61,3,4.0,523.83,2025-02-01
1724,2025-02-13,Asha Patil,Beauty,North,40.540000000000006,2,4.0,81.08,2025-02-01
1783,2025-02-14,Vikram Singh,Home,West,37.65,2,3.0,75.3,2025-02-01
1418,2025-02-14,Meera Joshi,Beauty,West,65.64,1,1.0,65.64,2025-02-01
1784,2025-02-14,Sneha Kulkarni,Sports,South,55.03,4,5.0,220.12,2025-02-01
1386,2025-02-14,Asha Patil,Sports,East,50.6,3,5.0,151.8,2025-02-01
1436,2025-02-15,Rohan Mehta,Home,North,221.54,1,4.0,221.54,2025-02-01
1874,2025-02-15,Sneha Kulkarni,Clothing,South,64.55,2,4.0,129.1,2025-02-01
1157,2025-02-16,Sneha Kulkarni,Clothing,West,72.78,1,5.0,72.78,2025-02-01
1018,2025-02-16,Rohan Mehta,Clothing,South,64.62,1,4.0,64.62,2025-02-01
2005,2025-02-16,Vikram Singh,Clothing,West,27.5,2,4.0,55.0,2025-02-01
1221,2025-02-16,Arjun Rao,Electronics,North,638.5,2,5.0,1277.0,2025-02-01
1759,2025-02-16,Meera Joshi,Home,East,126.66,2,4.0,253.32,2025-02-01
1945,2025-02-17,Priya Nair,Clothing,West,52.86,4,4.0,211.44,2025-02-01
1074,2025-02-17,Arjun Rao,Beauty,South,69.07,4,4.0,276.28,2025-02-01
1705,2025-02-17,Priya Nair,Beauty,North,25.19,5,5.0,125.95,2025-02-01
1434,2025-02-17,Sneha Kulkarni,Sports,East,190.97,2,4.0,381.94,2025-02-01
1443,2025-02-18,Sneha Kulkarni,Home,East,104.84,3,3.0,314.52,2025-02-01
1948,2025-02-18,Rohan Mehta,Beauty,South,19.57,3,5.0,58.71,2025-02-01
1414,2025-02-18,Priya Nair,Sports,West,106.83,1,5.0,106.83,2025-02-01
1670,2025-02-18,Vikram Singh,Clothing,East,50.55,2,2.0,101.1,2025-02-01
1823,2025-02-19,Meera Joshi,Clothing,South,38.98,5,4.0,194.9,2025-02-01
1604,2025-02-19,Arjun Rao,Beauty,South,63.34,2,2.0,126.68,2025-02-01
1721,2025-02-20,Sneha Kulkarni,Clothing,East,32.14,5,4.0,160.7,2025-02-01
1682,2025-02-20,Asha Patil,Clothing,North,39.66,2,1.0,79.32,2025-02-01
2187,2025-02-21,Priya Nair,Clothing,West,21.37,3,1.0,64.11,2025-02-01
1620,2025-02-21,Arjun Rao,Electronics,South,527.38,1,4.0,527.38,2025-02-01
1100,2025-02-21,Meera Joshi,Clothing,West,20.77,2,5.0,41.54,2025-02-01
1769,2025-02-21,Asha Patil,Electronics,East,641.25,3,4.0,1923.75,2025-02-01
2090,2025-02-21,Vikram Singh,Clothing,North,66.785,2,4.0,133.57,2025-02-01
1241,2025-02-21,Rohan Mehta,Electronics,East,363.61,4,3.0,1454.44,2025-02-01
1329,2025-02-21,Arjun Rao,Home,West,40.64,1,5.0,40.64,2025-02-01
1118,2025-02-21,Meera Joshi,Electronics,West,693.61,2,4.0,1387.22,2025-02-01
1462,2025-02-21,Vikram Singh,Home,South,246.94,3,4.0,740.82,2025-02-01
1306,2025-02-21,Vikram Singh,Home,East,183.38,2,4.0,366.76,2025-02-01
1408,2025-02-22,Unknown,Clothing,South,61.48,4,5.0,245.92,2025-02-01
1256,2025-02-22,Rohan Mehta,Clothing,East,65.38,1,3.0,65.38,2025-02-01
1924,2025-02-22,Priya Nair,Beauty,West,33.44,4,5.0,133.76,2025-02-01
1528,2025-02-22,Sneha Kulkarni,Home,West,65.57,3,5.0,196.71,2025-02-01
1834,2025-02-22,Rohan Mehta,Electronics,North,622.61,4,2.0,2490.44,2025-02-01
2063,2025-02-22,Arjun Rao,Beauty,South,27.7,5,4.0,138.5,2025-02-01
1752,2025-02-23,Rohan Mehta,Beauty,North,38.96,3,2.0,116.88,2025-02-01
1975,2025-02-23,Asha Patil,Electronics,South,715.57,2,3.0,1431.14,2025-02-01
1522,2025-02-23,Vikram Singh,Electronics,South,200.23,1,4.0,200.23,2025-02-01
1938,2025-02-24,Meera Joshi,Beauty,West,40.84,2,4.0,81.68,2025-02-01
1457,2025-02-24,Arjun Rao,Sports,North,183.76,2,4.0,367.52,2025-02-01
2104,2025-02-24,Vikram Singh,Home,East,121.16,3,5.0,363.48,2025-02-01
1390,2025-02-25,Vikram Singh,Beauty,South,65.64,4,4.0,262.56,2025-02-01
1182,2025-02-25,Asha Patil,Sports,North,88.08,5,3.0,440.4,2025-02-01
1273,2025-02-25,Rohan Mehta,Sports,South,70.31,3,4.0,210.93,2025-02-01
1357,2025-02-25,Arjun Rao,Beauty,East,14.07,4,3.0,56.28,2025-02-01
1536,2025-02-26,Rohan Mehta,Clothing,East,87.42,4,5.0,349.68,2025-02-01
1533,2025-02-26,Rohan Mehta,Electronics,East,527.38,3,3.0,1582.14,2025-02-01
1058,2025-02-26,Priya Nair,Clothing,East,45.12,4,4.0,180.48,2025-02-01
2046,2025-02-26,Unknown,Clothing,South,76.72,1,5.0,76.72,2025-02-01
1884,2025-02-26,Arjun Rao,Clothing,North,76.18,1,4.0,76.18,2025-02-01
1961,2025-02-26,Rohan Mehta,Sports,East,137.5,2,2.0,275.0,2025-02-01
1750,2025-02-27,Asha Patil,Electronics,West,370.47,3,4.0,1111.41,2025-02-01
1937,2025-02-27,Arjun Rao,Beauty,South,19.25,3,4.0,57.75,2025-02-01
1847,2025-02-27,Sneha Kulkarni,Sports,West,151.29,1,4.0,151.29,2025-02-01
1083,2025-02-28,Priya Nair,Electronics,West,456.24,2,4.0,912.48,2025-02-01
1178,2025-02-28,Priya Nair,Electronics,West,856.93,3,3.0,2570.79,2025-02-01
1287,2025-02-28,Arjun Rao,Clothing,North,52.3,1,5.0,52.3,2025-02-01
2076,2025-03-01,Arjun Rao,Sports,North,59.02,3,4.0,177.06,2025-03-01
1532,2025-03-02,Sneha Kulkarni,Home,North,106.65,2,5.0,213.3,2025-03-01
1041,2025-03-02,Vikram Singh,Beauty,South,9.99,2,5.0,19.98,2025-03-01
1467,2025-03-02,Vikram Singh,Clothing,North,93.91,2,3.0,187.82,2025-03-01
1350,2025-03-02,Arjun Rao,Clothing,East,24.79,4,4.0,99.16,2025-03-01
1623,2025-03-02,Asha Patil,Sports,West,157.76,5,5.0,788.8,2025-03-01
1187,2025-03-02,Arjun Rao,Beauty,West,23.99,2,4.0,47.98,2025-03-01
1168,2025-03-02,Vikram Singh,Electronics,North,786.73,4,3.0,3146.92,2025-03-01
2078,2025-03-02,Priya Nair,Clothing,North,57.14,1,3.0,57.14,2025-03-01
1703,2025-03-03,Sneha Kulkarni,Beauty,South,66.93,3,2.0,200.79,2025-03-01
1685,2025-03-03,Arjun Rao,Sports,South,166.83,2,5.0,333.66,2025-03-01
1704,2025-03-04,Meera Joshi,Clothing,East,66.785,1,4.0,66.78,2025-03-01
2193,2025-03-04,Meera Joshi,Clothing,West,66.785,3,5.0,200.36,2025-03-01
1262,2025-03-04,Meera Joshi,Beauty,North,24.48,3,3.0,73.44,2025-03-01
1411,2025-03-05,Asha Patil,Home,West,249.95,5,4.0,1249.75,2025-03-01
2032,2025-03-05,Rohan Mehta,Sports,North,101.22,4,3.0,404.88,2025-03-01
1908,2025-03-05,Vikram Singh,Clothing,North,39.14,1,5.0,39.14,2025-03-01
1259,2025-03-05,Asha Patil,Clothing,North,28.75,4,4.0,115.0,2025-03-01
1544,2025-03-05,Rohan Mehta,Beauty,South,25.86,3,4.0,77.58,2025-03-01
2174,2025-03-06,Asha Patil,Sports,South,187.51,2,5.0,375.02,2025-03-01
1661,2025-03-06,Priya Nair,Electronics,East,804.74,1,4.0,804.74,2025-03-01
1230,2025-03-06,Unknown,Clothing,North,77.32,3,1.0,231.96,2025-03-01
1761,2025-03-06,Sneha Kulkarni,Home,East,162.06,1,5.0,162.06,2025-03-01
1392,2025-03-07,Priya Nair,Beauty,South,42.96,2,4.0,85.92,2025-03-01
1349,2025-03-07,Unknown,Sports,West,158.62,3,5.0,475.86,2025-03-01
1251,2025-03-07,Arjun Rao,Electronics,West,890.74,4,4.0,3562.96,2025-03-01
1564,2025-03-08,Meera Joshi,Electronics,East,814.75,1,5.0,814.75,2025-03-01
1469,2025-03-08,Rohan Mehta,Electronics,East,692.57,3,5.0,2077.71,2025-03-01
1912,2025-03-08,Arjun Rao,Electronics,West,335.44,4,4.0,1341.76,2025-03-01
1023,2025-03-08,Sneha Kulkarni,Sports,North,115.16,2,4.0,230.32,2025-03-01
1635,2025-03-08,Meera Joshi,Clothing,West,88.21,5,5.0,441.05,2025-03-01
2106,2025-03-08,Unknown,Sports,South,136.78,2,5.0,273.56,2025-03-01
1253,2025-03-10,Arjun Rao,Sports,South,101.45,2,4.0,202.9,2025-03-01
2178,2025-03-11,Asha Patil,Clothing,North,89.55,4,3.0,358.2,2025-03-01
1072,2025-03-11,Asha Patil,Home,North,121.16,4,3.0,484.64,2025-03-01
1523,2025-03-12,Arjun Rao,Beauty,East,40.540000000000006,1,5.0,40.54,2025-03-01
1888,2025-03-12,Meera Joshi,Clothing,North,66.785,2,3.0,133.57,2025-03-01
2113,2025-03-12,Sneha Kulkarni,Sports,South,116.01,5,4.0,580.05,2025-03-01
2115,2025-03-12,Asha Patil,Clothing,East,62.91,3,3.0,188.73,2025-03-01
1543,2025-03-13,Arjun Rao,Beauty,West,53.13,2,5.0,106.26,2025-03-01
1993,2025-03-13,Rohan Mehta,Sports,South,153.17,2,2.0,306.34,2025-03-01
1052,2025-03-13,Vikram Singh,Sports,West,183.04,1,5.0,183.04,2025-03-01
1398,2025-03-13,Sneha Kulkarni,Electronics,North,527.38,1,3.0,527.38,2025-03-01
1102,2025-03-14,Sneha Kulkarni,Clothing,South,17.28,5,4.0,86.4,2025-03-01
1838,2025-03-14,Unknown,Home,South,68.13,1,5.0,68.13,2025-03-01
1426,2025-03-14,Vikram Singh,Clothing,East,41.6,4,4.0,166.4,2025-03-01
1009,2025-03-15,Vikram Singh,Beauty,North,33.36,1,4.0,33.36,2025-03-01
1224,2025-03-15,Arjun Rao,Home,West,77.11,2,4.0,154.22,2025-03-01
1339,2025-03-15,Sneha Kulkarni,Sports,East,115.355,5,3.0,576.78,2025-03-01
2085,2025-03-15,Arjun Rao,Electronics,South,527.38,3,4.0,1582.14,2025-03-01
1664,2025-03-15,Priya Nair,Sports,South,126.61,2,5.0,253.22,2025-03-01
1653,2025-03-15,Rohan Mehta,Electronics,North,631.16,5,5.0,3155.8,2025-03-01
1872,2025-03-15,Sneha Kulkarni,Electronics,North,485.46,3,5.0,1456.38,2025-03-01
1735,2025-03-18,Priya Nair,Sports,North,192.46,2,5.0,384.92,2025-03-01
2072,2025-03-18,Asha Patil,Home,East,125.28,4,3.0,501.12,2025-03-01
1142,2025-03-20,Sneha Kulkarni,Electronics,West,491.17,1,2.0,491.17,2025-03-01
1964,2025-03-21,Rohan Mehta,Sports,North,76.84,4,5.0,307.36,2025-03-01
1903,2025-03-21,Rohan Mehta,Clothing,East,55.73,5,2.0,278.65,2025-03-01
1363,2025-03-23,Vikram Singh,Electronics,West,444.55,4,2.0,1778.2,2025-03-01
1976,2025-03-24,Priya Nair,Clothing,South,52.25,4,1.0,209.0,2025-03-01
1032,2025-03-24,Unknown,Beauty,North,67.66,4,3.0,270.64,2025-03-01
1078,2025-03-24,Arjun Rao,Clothing,East,48.69,1,4.0,48.69,2025-03-01
1567,2025-03-25,Meera Joshi,Beauty,East,24.33,1,4.0,24.33,2025-03-01
1412,2025-03-25,Rohan Mehta,Home,East,124.73,3,3.0,374.19,2025-03-01
1326,2025-03-26,Asha Patil,Clothing,East,55.44,1,1.0,55.44,2025-03-01
1486,2025-03-26,Priya Nair,Beauty,West,13.8,5,2.0,69.0,2025-03-01
2112,2025-03-26,Asha Patil,Clothing,East,30.66,4,2.0,122.64,2025-03-01
1626,2025-03-26,Meera Joshi,Sports,West,115.355,3,4.0,346.06,2025-03-01
1637,2025-03-27,Sneha Kulkarni,Clothing,East,76.69,1,5.0,76.69,2025-03-01
1637,2025-03-27,Sneha Kulkarni,Clothing,East,76.69,1,5.0,76.69,2025-03-01
1148,2025-03-27,Sneha Kulkarni,Clothing,West,112.61,4,4.0,450.44,2025-03-01
1566,2025-03-28,Priya Nair,Sports,West,143.34,2,5.0,286.68,2025-03-01
1719,2025-03-28,Asha Patil,Beauty,South,42.01,1,2.0,4
