order_id,order_date,customer_name,category,region,unit_price,quantity,rating
1211,2025-04-06,Asha Patil,Electronics,North ,185.53,1,3.0
1317,2025-09-24,Asha Patil,Electronics,East,348.43,4,4.0
1966,2025-08-03,Arjun Rao,clothing,West,114.2,5,4.0
1923,12/06/2025,Arjun Rao,Sports,West ,83.95,3,2.0
1151,2025-11-09,Arjun Rao,Clothing,West,114.95,1,3.0
1650,2025-11-06,Rohan Mehta,Sports,East ,125.33,4,4.0
1122,2025-09-01,Rohan Mehta,Clothing,west,46.53,-3,3.0
1589,2025-11-02,Arjun Rao,ELECTRONICS,North,711.05,2,4.0
1194,2025-05-13,Sneha Kulkarni,Electronics,South ,203.43,1,4.0
1375,2025-11-20,Vikram Singh,Clothing,east,51.95,1,3.0
1689,2025-06-12,Arjun Rao, Clothing ,North,26.64,4,4.0
1538,2025-02-12,Priya Nair,clothing,West,53.81,5,4.0
2141,2025-11-18,Meera Joshi,Clothing,North,118.6,1,4.0
2174,2025-03-06,Asha Patil, Sports ,South,187.51,2,5.0
1144,2025-05-30,Priya Nair, Electronics ,South,282.5,5,5.0
2155,22/04/2025,Vikram Singh,Clothing,South,69.38,3,4.0
1124,2025-06-21,Meera Joshi,Sports,West,84.74,3,5.0
1842,2025-08-28,Rohan Mehta,Electronics,north,719.99,5,5.0
1291,2025-10-22,Asha Patil,Clothing,South,52.94,3,4.0
1356,2025-12-29,Asha Patil,Sports,North,174.23,2,1.0
2109,2025-12-10,Arjun Rao,SPORTS,West,186.12,2,3.0
1640,2025-12-13,Vikram Singh,electronics,north,717.09,2,3.0
1559,17/10/2025,Arjun Rao,Clothing,South,118.85,5,4.0
1523,2025-03-12,Arjun Rao,Beauty,East,,1,5.0
1020,2025-06-14,Rohan Mehta,Electronics,North ,614.79,4,4.0
1344,07/07/2025,Meera Joshi,Clothing,North,99.67,4,5.0
1558,2025-11-16,Asha Patil,Electronics,west,525.5,2,4.0
1675,15/08/2025,Sneha Kulkarni,Electronics,South,426.17,3,4.0
1472,2025-10-21,Vikram Singh,Home,East,160.86,1,5.0
1843,2025-11-28,Meera Joshi, Electronics ,East,$581.15,3,5.0
1233,2025-01-08,Sneha Kulkarni,Clothing,South,51.21,1,1.0
2060,2025-04-24,Meera Joshi,Electronics,South,493.42,3,
1665,2025-08-07,Rohan Mehta,Home,East,71.0,4,2.0
1066,2025-04-29,Priya Nair,Beauty,east,61.32,2,
1701,2025-07-09,Asha Patil, Clothing ,North,18.56,5,3.0
1567,2025-03-25,Meera Joshi,BEAUTY,east,24.33,1,4.0
1682,2025-02-20,Asha Patil,Clothing,North,39.66,2,1.0
1174,21/09/2025,Sneha Kulkarni,Beauty,West,30.88,2,5.0
2046,26/02/2025,, Clothing ,South,76.72,1,5.0
1440,2025-05-26,Arjun Rao,Electronics,East,552.88,2,4.0
1574,2025-01-18,Meera Joshi,Beauty,West,23.55,4,
1991,2025-05-06,Rohan Mehta,Electronics,South,776.9,3,5.0
1176,2025-06-18,Meera Joshi,Sports,North,59.52,3,
2040,2025-10-29,Vikram Singh,Beauty,North,10.83,4,3.0
1826,2025-02-03,Meera Joshi,Clothing,east,59.36,3,4.0
2161,2025-08-01,Rohan Mehta,Clothing,East,98.71,1,1.0
1473,07/06/2025,Priya Nair,Clothing,West,94.23,3,5.0
1007,01/02/2025,Meera Joshi,Sports,North,33.33,2,4.0
2200,2025-08-15,Asha Patil,Home,West,42.56,3,5.0
2054,2025-12-16,Vikram Singh, Electronics ,west,390.63,1,3.0
1680,2025-12-08,Asha Patil,HOME,South,237.15,3,5.0
1058,2025-02-26,Priya Nair,Clothing,East,45.12,4,4.0
1120,2025-02-11,Asha Patil,Sports,South,191.57,2,4.0
2097,2025-11-01,Arjun Rao,electronics,South,,1,
1507,13/07/2025,Arjun Rao,Electronics,West,541.29,5,5.0
1640,2025-12-13,Vikram Singh,electronics,north,717.09,2,3.0
2188,2025-08-07,Arjun Rao,Home,West ,146.24,1,4.0
2154,28/11/2025,Priya Nair,Beauty,South,64.63,5,1.0
1714,2025-10-06,Meera Joshi,Electronics,West,222.56,-3,3.0
2080,2025-11-02,Arjun Rao, Home ,East,20.23,2,3.0
1161,2025-12-30,Asha Patil,Beauty,West,46.11,2,3.0
1108,2025-08-31,,Beauty,east,12.45,4,2.0
2006,2025-12-03,Vikram Singh,CLOTHING,South,40.7,1,5.0
2163,2025-11-06,Arjun Rao,Clothing,East,25.58,4,4.0
1611,2025-11-01,Vikram Singh,Beauty,South,,2,3.0
1350,2025-03-02,Arjun Rao,Clothing,East,24.79,4,
1002,2025-10-10,Sneha Kulkarni,BEAUTY,North,46.66,5,3.0
1032,2025-03-24,,Beauty,North,67.66,4,3.0
1665,2025-08-07,Rohan Mehta,Home,East,71.0,4,2.0
1062,2025-09-29,Asha Patil,SPORTS,West,198.83,4,5.0
1198,2025-02-13,Asha Patil,ELECTRONICS,East,,2,4.0
1690,2025-10-13,Rohan Mehta,home,south,159.99,3,5.0
1378,2025-09-30,Sneha Kulkarni,Clothing,East,101.51,1,1.0
1489,2025-10-07,Asha Patil,CLOTHING,East,35.98,1,3.0
1948,2025-02-18,Rohan Mehta,Beauty,South,19.57,3,5.0
1884,2025-02-26,Arjun Rao,Clothing,North,76.18,1,4.0
1329,2025-02-21,Arjun Rao,Home,West ,40.64,1,5.0
1905,2025-06-17,Rohan Mehta,Beauty,South,51.99,4,4.0
2032,05/03/2025,Rohan Mehta,Sports,North,101.22,4,3.0
1070,2025-06-21,Priya Nair,Clothing,North,102.45,5,4.0
1181,2025-12-09,Priya Nair,Clothing,North,105.25,2,5.0
1145,2025-12-29,Arjun Rao,Home,north,209.62,1,4.0
1909,2025-05-16,Priya Nair,Clothing,East,32.89,1,2.0
1264,2025-12-04,Meera Joshi, Home ,West,40.86,5,2.0
1982,14/09/2025,Asha Patil,Clothing,South,25.85,3,5.0
2135,13/08/2025,Meera Joshi, Sports ,North,140.03,1,
1952,2025-04-22,,Clothing,North,91.02,3,4.0
2156,2025-08-03,Meera Joshi,Home,North,97.37,2,4.0
1081,2025-12-10,Priya Nair, Electronics ,east,529.13,5,2.0
1239,2025-04-23,Priya Nair, Clothing ,West,,5,5.0
1550,2025-09-06,Meera Joshi,Sports,South,24.28,4,3.0
2057,2025-06-14,Vikram Singh,Clothing,North,84.39,2,4.0
1424,01/08/2025,Asha Patil,Home,North ,63.71,4,2.0
2194,2025-09-14,Asha Patil,Home,North ,146.26,5,5.0
2012,2025-10-19,Asha Patil,Beauty,South ,62.14,3,2.0
2001,2025-10-23,Vikram Singh,Sports,South ,199.68,5,
1683,2025-12-17,Meera Joshi,Clothing,North,26.1,4,4.0
1761,2025-03-06,Sneha Kulkarni,HOME,East,162.06,1,5.0
1963,2025-11-03,Sneha Kulkarni,Sports,West,38.09,2,5.0
1304,2025-11-24,Vikram Singh,Clothing,North,,3,4.0
1869,2025-06-12,Arjun Rao,Beauty,East,43.64,4,4.0
1422,2025-09-11,Vikram Singh,Beauty,South,36.05,2,4.0
1202,2025-11-28,Meera Joshi, Clothing ,South,61.87,5,4.0
1082,2025-06-09,Rohan Mehta,Clothing,West,81.85,2,4.0
1540,2025-01-08,Vikram Singh,Home,North,35.9,1,3.0
1331,19/07/2025,Sneha Kulkarni,CLOTHING,East ,36.22,1,3.0
1898,2025-01-20,Sneha Kulkarni,Home,South,27.39,2,5.0
1318,2025-09-23,Meera Joshi,ELECTRONICS,South,179.67,5,5.0
2113,2025-03-12,Sneha Kulkarni,Sports,South,116.01,5,4.0
1341,2025-08-20,Priya Nair,Clothing,North,109.03,2,4.0
1737,2025-09-24,Rohan Mehta,Electronics,East ,736.1,2,3.0
1187,2025-03-02,Arjun Rao,Beauty,West,23.99,2,4.0
2019,2025-01-16,Vikram Singh,Sports,North,98.23,3,4.0
1679,2025-07-10,Arjun Rao,Sports,North ,87.21,5,4.0
1666,11/09/2025,Vikram Singh,Beauty,East,53.51,1,5.0
1265,2025-12-28,Vikram Singh,Electronics,South,467.74,3,5.0
1613,2025-10-14,Asha Patil, Home ,West,115.89,5,3.0
2142,2025-05-04,Meera Joshi,Clothing,East ,38.36,4,4.0
1244,2025-08-26,Vikram Singh,Clothing,east,112.56,2,4.0
1250,2025-01-16,Arjun Rao,sports,North,80.53,1,5.0
1248,2025-06-01,Vikram Singh,Home,North,145.81,3,5.0
1738,2025-05-02,Vikram Singh,Home,East,106.77,1,4.0
1358,2025-11-22,Arjun Rao,Home,West,83.46,1,4.0
1891,06/02/2025,Vikram Singh,Electronics,East,861.48,1,4.0
1919,2025-04-03,Sneha Kulkarni,Electronics,South,159.11,1,2.0
1616,2025-08-22,Meera Joshi,Home,north,44.68,1,4.0
1457,24/02/2025,Arjun Rao,sports,North,183.76,2,4.0
1900,2025-08-13,Arjun Rao,Home,South,220.27,5,2.0
1324,2025-12-01,Sneha Kulkarni,Home,East,64.38,5,4.0
1351,2025-07-14,Sneha Kulkarni, Home ,North,170.93,2,4.0
1322,2025-02-09,Meera Joshi,Beauty,North,10.03,5,3.0
1377,2025-09-26,Meera Joshi,Clothing,West,58.41,1,3.0
1098,2025-09-07,Rohan Mehta, Home ,North,$83.26,5,4.0
1073,2025-06-18,Vikram Singh,Sports,South,197.41,4,4.0
1578,11/07/2025,Meera Joshi,Clothing,South,78.22,1,5.0
1779,2025-04-09,Vikram Singh,Home,North,48.13,1,5.0
1230,2025-03-06,,Clothing,North,77.32,3,1.0
1704,2025-03-04,Meera Joshi,Clothing,East,,1,4.0
1603,27/09/2025,Arjun Rao,BEAUTY,east,54.69,3,4.0
1793,2025-09-21,Priya Nair,Electronics,West,639.43,5,4.0
1059,2025-09-29,Rohan Mehta,Home,South,77.6,4,1.0
1745,18/10/2025,Meera Joshi,Sports,West,114.96,5,4.0
1158,2025-07-23,Rohan Mehta,sports,south,34.07,4,3.0
1478,2025-01-07,Arjun Rao,Clothing,South,37.71,2,
1903,2025-03-21,Rohan Mehta,Clothing,East,55.73,5,2.0
1748,2025-04-25,Rohan Mehta,Clothing,South,33.16,1,4.0
1676,2025-09-22,Priya Nair,Clothing,West,20.29,5,2.0
1638,2025-04-19,Priya Nair,CLOTHING,West ,84.76,1,3.0
2015,2025-07-09,Asha Patil, Beauty ,East,9.75,3,4.0
1661,2025-03-06,Priya Nair,Electronics,East ,804.74,1,4.0
1619,2025-01-23,Priya Nair,home,North,35.5,2,2.0
1785,2025-06-24,Arjun Rao,Sports,West,20.7,2,
1086,2025-09-13,Arjun Rao,Clothing,South,49.72,4,5.0
1459,2025-11-03,Priya Nair,Home,South ,33.51,2,4.0
1153,01/12/2025,Sneha Kulkarni,Clothing,East,95.12,4,3.0
1551,2025-10-21,Priya Nair,Electronics,North,192.22,3,5.0
1446,2025-08-30,Vikram Singh,Clothing,East,35.68,4,
1104,2025-01-03,Rohan Mehta,Sports,North,47.97,1,5.0
1632,2025-04-30,Sneha Kulkarni,Home,south,185.22,1,4.0
1854,2025-03-29,Priya Nair,Sports,West,154.02,1,4.0
1524,2025-10-29,Asha Patil,Electronics,South,210.21,4,1.0
2063,2025-02-22,Arjun Rao,Beauty,South,27.7,5,4.0
1332,2025-05-16,Arjun Rao,Clothing,North,94.45,4,3.0
1147,2025-01-13,Asha Patil,clothing,East,36.14,3,4.0
1943,2025-11-30,Sneha Kulkarni,clothing,South,33.37,3,5.0
1199,2025-05-04,Asha Patil,Beauty,South,60.43,1,4.0
1575,2025-01-03,Asha Patil,Home,north,103.96,1,4.0
1047,2025-06-12,,ELECTRONICS,South,394.68,1,2.0
1426,2025-03-14,Vikram Singh,Clothing,East,41.6,4,4.0
1379,2025-05-19,Priya Nair,Home,North,$79.05,3,4.0
1082,2025-06-09,Rohan Mehta,Clothing,West,81.85,2,4.0
1934,25/08/2025,Rohan Mehta,Beauty,West,28.71,4,5.0
1588,2025-02-06,Vikram Singh,Sports,North,28.08,3,3.0
1744,2025-04-09,Rohan Mehta,Home,West ,77.46,1,4.0
2118,2025-08-03,Vikram Singh,Home,North,216.51,4,5.0
1165,2025-06-02,Meera Joshi,Sports,North,153.16,2,3.0
2105,22/04/2025,Sneha Kulkarni,Clothing,North,54.81,2,4.0
1448,2025-12-15,Asha Patil,Beauty,north,46.87,4,3.0
1004,2025-06-10,Asha Patil,Beauty,West,1275.0,3,4.0
1387,2025-01-25,Arjun Rao,Clothing,North,100.91,3,1.0
1986,2025-08-27,Arjun Rao,Sports,East,,5,5.0
1096,2025-04-16,Sneha Kulkarni,Home,North,60.71,4,4.0
2175,2025-01-04,,HOME,East,136.32,1,5.0
1315,2025-03-31,Rohan Mehta,Sports,East,22.54,5,2.0
1670,2025-02-18,Vikram Singh, Clothing ,East,50.55,2,2.0
1340,2025-12-14,Priya Nair, Electronics ,South,783.2,4,5.0
1479,2025-08-31,Vikram Singh,Home,south,217.88,4,3.0
1228,2025-07-31,Arjun Rao,clothing,West,54.67,4,3.0
1381,2025-01-02,Asha Patil,Sports,East,161.25,2,4.0
1408,2025-02-22,,Clothing,South,61.48,4,5.0
1191,2025-09-07,Meera Joshi,clothing,South ,$24.28,5,1.0
1382,2025-12-08,Rohan Mehta, Beauty ,North,67.99,1,4.0
1169,2025-05-03,Asha Patil,Electronics,North,504.35,5,1.0
1985,2025-08-03,Priya Nair,Home,South,69.83,5,3.0
1910,2025-02-03,Arjun Rao,Beauty,South,47.85,5,4.0
2123,2025-04-09,Priya Nair,Beauty,West,17.98,4,5.0
1148,2025-03-27,Sneha Kulkarni,Clothing,West,112.61,4,
1634,2025-05-19,Vikram Singh,Home,South ,94.17,4,4.0
1555,2025-12-26,Rohan Mehta,Home,West ,118.04,3,5.0
1240,2025-08-17,Vikram Singh,Home,South,195.68,2,5.0
2122,2025-01-31,Vikram Singh, Clothing ,east,15.79,4,1.0
1336,2025-10-23,Sneha Kulkarni,clothing,east,70.84,1,4.0
2025,2025-10-27,Meera Joshi,Clothing,South,117.98,1,4.0
1074,2025-02-17,Arjun Rao,Beauty,South,69.07,4,4.0
1229,19/07/2025,Meera Joshi,Sports,South,115.48,1,4.0
1637,2025-03-27,Sneha Kulkarni,Clothing,East ,76.69,1,5.0
1530,03/12/2025,Meera Joshi,Sports,North ,109.64,2,
1438,2025-12-05,Priya Nair, Clothing ,north,48.62,2,2.0
1138,2025-01-12,Sneha Kulkarni, Clothing ,West,78.36,4,5.0
1515,2025-12-17,Rohan Mehta,Sports,East,83.38,5,3.0
1190,2025-04-21,Arjun Rao,HOME,West,54.64,3,2.0
1394,2025-08-07,Priya Nair,Clothing,North ,,3,4.0
1388,2025-10-31,Rohan Mehta,Electronics,East,588.12,4,4.0
1092,2025-10-21,Arjun Rao,Sports,south,156.68,5,3.0
1217,2025-01-29,Arjun Rao,Sports,West,70.33,3,4.0
2066,2025-05-22,Sneha Kulkarni,Sports,south,42.29,3,3.0
2084,2025-07-22,Vikram Singh,Clothing,North,49.55,3,5.0
1817,2025-01-16,Sneha Kulkarni,Home,East,65.42,5,4.0
1136,2025-04-21,Asha Patil,Home,West,43.64,1,3.0
1325,2025-12-22,Sneha Kulkarni,Electronics,West,433.97,5,4.0
1671,2025-12-14,Asha Patil,Sports,North,100.33,1,4.0
1699,2025-01-19,Arjun Rao,Beauty,South,58.81,2,1.0
1688,2025-08-05,,Clothing,South,99.28,1,2.0
1617,2025-04-02,Vikram Singh,clothing,South,39.85,3,1.0
2098,2025-10-03,Vikram Singh,Beauty,West,20.65,1,5.0
1116,2025-07-27,Sneha Kulkarni,electronics,South,302.09,1,5.0
1456,2025-07-22,Sneha Kulkarni,Home,North,140.06,1,5.0
1307,2025-04-21,Rohan Mehta,Clothing,East,89.93,5,3.0
1769,21/02/2025,Asha Patil,Electronics,East,641.25,3,
1839,2025-01-06,,Sports,East,168.13,1,1.0
1764,2025-12-08,Vikram Singh,ELECTRONICS,West,537.43,5,3.0
1937,2025-02-27,Arjun Rao,BEAUTY,South,$19.25,3,4.0
1412,2025-03-25,Rohan Mehta,Home,East ,124.73,3,3.0
1079,2025-07-26,Vikram Singh,Electronics,East,560.46,3,4.0
1904,19/11/2025,Priya Nair,Clothing,west,100.29,3,5.0
1028,2025-10-28,Meera Joshi,Electronics,North ,,4,4.0
1476,2025-10-14,Asha Patil, Clothing ,North,18.83,2,5.0
1563,2025-06-29,Vikram Singh,Beauty,West,37.61,3,2.0
1871,16/06/2025,Asha Patil, Sports ,West,130.57,1,4.0
1499,2025-12-05,Asha Patil, Sports ,East,20.87,2,
2018,2025-06-30,Meera Joshi,Home,North,157.25,4,3.0
1289,2025-07-17,Asha Patil,electronics,East,687.56,2,5.0
2166,2025-02-08,Priya Nair,Electronics,West,557.21,3,
1781,2025-11-17,Meera Joshi,Clothing,West,17.73,5,4.0
1503,2025-12-18,Vikram Singh,Beauty,East,37.24,3,5.0
2053,2025-07-03,Asha Patil,Clothing,East,100.58,4,1.0
1885,2025-10-24,Priya Nair,Home,north,85.62,1,4.0
1132,2025-07-22,,Electronics,East ,607.8,3,4.0
1236,2025-09-20,Arjun Rao,home,West,200.05,4,3.0
1752,2025-02-23,Rohan Mehta,Beauty,North,38.96,3,2.0
2061,2025-10-09,Priya Nair,Electronics,North,460.82,3,4.0
1043,2025-09-13,Rohan Mehta,Electronics,South,265.71,2,3.0
1494,2025-08-09,Arjun Rao,Clothing,South,47.3,2,4.0
1922,2025-07-28,Meera Joshi,Home,East,205.71,3,2.0
1566,2025-03-28,Priya Nair,sports,West ,143.34,2,5.0
1110,2025-09-15,Sneha Kulkarni,Clothing,West,108.77,4,3.0
1549,2025-07-08,Priya Nair,CLOTHING,West ,24.34,3,4.0
1294,2025-05-02,Rohan Mehta,electronics,West,310.37,4,4.0
1810,30/12/2025,, Beauty ,East,29.78,5,5.0
1302,2025-10-29,Asha Patil,Clothing,North,28.73,1,3.0
1050,2025-10-12,Priya Nair, Electronics ,North,719.73,2,5.0
1951,2025-02-04,Arjun Rao,Electronics,East,,4,1.0
1724,2025-02-13,Asha Patil,Beauty,North,,2,4.0
1450,15/04/2025,Arjun Rao,Clothing,East,51.27,1,5.0
1267,2025-06-13,Priya Nair,Sports,West,110.43,4,4.0
1465,2025-01-03,Arjun Rao, Clothing ,West,74.01,1,4.0
1636,2025-09-08,Vikram Singh,Electronics,South,867.73,1,2.0
1449,2025-07-10,Vikram Singh,Sports,South,89.87,1,2.0
1305,2025-07-18,Arjun Rao,Sports,East,129.18,2,5.0
1847,2025-02-27,Sneha Kulkarni,SPORTS,West,151.29,1,4.0
2192,2025-04-12,Vikram Singh,Clothing,North,101.3,5,4.0
1734,2025-10-10,Vikram Singh,sports,West,22.97,4,3.0
1221,2025-02-16,Arjun Rao,electronics,North,638.5,2,5.0
2009,2025-09-25,Sneha Kulkarni,Clothing,south,34.3,5,
1720,2025-08-07,Sneha Kulkarni,Sports,East ,58.72,4,4.0
1983,2025-07-19,Arjun Rao,Clothing,East,81.97,5,4.0
1839,2025-01-06,,Sports,East,168.13,1,1.0
1084,2025-10-31,Asha Patil,Clothing,West,$93.66,5,3.0
1591,2025-10-20,Meera Joshi,Clothing,North,77.17,1,4.0
1417,2025-12-20,Priya Nair,Home,South,46.22,2,4.0
1199,2025-05-04,Asha Patil,Beauty,South,60.43,1,4.0
1005,2025-06-08,,Sports,West,141.46,3,5.0
1052,2025-03-13,Vikram Singh,Sports,West,183.04,1,5.0
1587,09/09/2025,Priya Nair,Clothing,East,118.65,3,
2043,2025-06-01,Vikram Singh,Clothing,North,61.02,4,3.0
1756,09/06/2025,Asha Patil,electronics,North,669.58,5,5.0
1874,2025-02-15,Sneha Kulkarni,Clothing,South ,64.55,2,4.0
1127,2025-01-29,Rohan Mehta,Clothing,East,51.98,1,3.0
1961,2025-02-26,Rohan Mehta, Sports ,east,137.5,2,2.0
1140,2025-06-09,Priya Nair,clothing,West,19.47,3,3.0
1742,2025-10-06,Meera Joshi,Beauty,South,35.09,5,4.0
1707,03/01/2025,Arjun Rao,Home,South,236.28,1,3.0
1313,2025-02-13,Vikram Singh,SPORTS,West,52.02,1,5.0
1712,2025-07-10,Priya Nair, Sports ,East,95.56,2,4.0
1270,2025-08-04,Rohan Mehta,Clothing,west,67.98,4,4.0
1950,2025-04-12,Asha Patil,Clothing,East,18.46,3,5.0
1163,30/05/2025,Asha Patil, Electronics ,West,578.88,2,4.0
1288,2025-07-28,Vikram Singh,Electronics,North ,411.65,1,4.0
1564,2025-03-08,Meera Joshi,Electronics,east,814.75,1,5.0
1256,2025-02-22,Rohan Mehta,CLOTHING,East ,65.38,1,3.0
1170,09/01/2025,Rohan Mehta,Home,West,137.26,4,4.0
1649,2025-12-17,Asha Patil,Sports,South,124.94,3,4.0
1867,27/10/2025,Rohan Mehta,Clothing,east,108.99,3,3.0
1470,07/12/2025,Sneha Kulkarni,Clothing,East,106.28,1,4.0
2086,2025-11-03,Asha Patil,CLOTHING,West,38.29,5,1.0
2124,2025-03-30,Rohan Mehta,Home,East,175.05,3,3.0
1607,2025-04-28,Rohan Mehta,HOME,West,147.85,5,4.0
1171,2025-02-08,Arjun Rao,Clothing,West,47.78,3,4.0
1222,2025-06-16,Meera Joshi,Home,East ,44.99,2,5.0
1100,2025-02-21,Meera Joshi,Clothing,West,20.77,2,5.0
1916,2025-06-17,Meera Joshi,clothing,North ,38.77,5,3.0
1727,2025-09-21,Meera Joshi,Clothing,West,,5,
1549,2025-07-08,Priya Nair,CLOTHING,West ,24.34,3,4.0
2030,2025-05-02,Arjun Rao,Clothing,East,92.32,5,5.0
1850,2025-08-10,Arjun Rao,CLOTHING,North,103.87,1,3.0
1757,2025-09-27,Priya Nair,HOME,West,25.76,3,3.0
1312,2025-09-03,Sneha Kulkarni,SPORTS,East ,115.98,2,4.0
1133,2025-02-03,Sneha Kulkarni,Electronics,South,732.49,5,5.0
2003,2025-07-23,Priya Nair, Home ,west,34.1,5,5.0
1762,2025-07-21,Asha Patil,Clothing,East,86.22,2,4.0
1008,2025-09-12,Rohan Mehta,Electronics,East,485.13,4,4.0
1207,2025-10-06,Meera Joshi,Home,South,132.53,4,5.0
1637,2025-03-27,Sneha Kulkarni,Clothing,East ,$76.69,1,5.0
1510,2025-03-28,Priya Nair,Electronics,East,823.59,1,3.0
1205,2025-06-16,Sneha Kulkarni,Electronics,North,236.92,1,
2193,2025-03-04,Meera Joshi,clothing,West,,3,5.0
1363,2025-03-23,Vikram Singh,Electronics,West,444.55,4,2.0
1371,2025-05-03,Priya Nair, Clothing ,East,58.86,5,5.0
1896,2025-08-12,Rohan Mehta, Home ,North,58.15,4,3.0
1988,2025-04-26,Rohan Mehta,Home,West,144.01,4,5.0
1212,2025-09-19,Rohan Mehta,Electronics,North,364.95,4,4.0
1029,19/07/2025,Meera Joshi,Home,East,231.99,3,5.0
1944,23/06/2025,Priya Nair,ELECTRONICS,South,18090.25,3,5.0
1805,2025-09-27,Meera Joshi,ELECTRONICS,East,173.69,3,4.0
1814,2025-04-14,Vikram Singh,Sports,West,159.12,3,4.0
1353,2025-04-20,Vikram Singh,Clothing,South,95.87,1,4.0
1190,2025-04-21,Arjun Rao,HOME,West,54.64,3,2.0
1109,2025-06-22,Arjun Rao,Clothing,North,99.29,4,4.0
1655,2025-07-21,Arjun Rao,electronics,West,618.57,1,5.0
1584,19/01/2025,Priya Nair,ELECTRONICS,West,156.46,4,3.0
2100,2025-06-08,Sneha Kulkarni,Beauty,North,34.05,5,2.0
2120,2025-06-30,Rohan Mehta,Beauty,West,51.95,3,3.0
1529,2025-12-01,Rohan Mehta,Home,East ,151.94,5,4.0
1023,2025-03-08,Sneha Kulkarni,Sports,North,115.16,2,4.0
2128,21/08/2025,Sneha Kulkarni,Sports,East,125.87,1,5.0
1759,2025-02-16,Meera Joshi, Home ,East,126.66,2,4.0
2147,2025-07-13,Rohan Mehta,Beauty,North,28.11,5,2.0
1833,2025-06-15,Priya Nair,Electronics,East,815.82,3,4.0
1206,2025-04-08,Priya Nair,Electronics,West ,813.82,5,4.0
1094,2025-05-22,Sneha Kulkarni,CLOTHING,West,17.22,3,3.0
1782,2025-08-21,Meera Joshi,ELECTRONICS,North ,777.15,1,4.0
1225,2025-09-21,Meera Joshi,Beauty,North,$36.31,2,4.0
1955,2025-10-14,Vikram Singh,Clothing,South,107.62,3,2.0
1594,2025-12-24,Sneha Kulkarni,Sports,South,21.97,4,4.0
2079,2025-06-02,Rohan Mehta,Sports,South ,115.23,2,5.0
1429,2025-01-10,Arjun Rao, Beauty ,East,,4,3.0
1832,2025-03-29,Vikram Singh, Home ,South,,2,3.0
1639,2025-10-17,Arjun Rao,ELECTRONICS,West,,4,5.0
1517,2025-11-18,Priya Nair,electronics,South,280.9,2,1.0
2028,2025-04-13,Vikram Singh, Electronics ,west,315.0,5,3.0
1441,2025-12-22,Priya Nair,Electronics,South,372.65,5,2.0
1604,2025-02-19,Arjun Rao, Beauty ,South,63.34,2,2.0
1390,2025-02-25,Vikram Singh,BEAUTY,South,65.64,4,4.0
1179,2025-11-25,Sneha Kulkarni,Beauty,West,53.52,4,5.0
2044,2025-05-16,Arjun Rao,Clothing,East,,5,4.0
1071,2025-10-18,Sneha Kulkarni,Electronics,East,377.4,1,4.0
1825,16/08/2025,Rohan Mehta,Clothing,North,74.98,3,1.0
1469,2025-03-08,Rohan Mehta,Electronics,East ,692.57,3,5.0
2132,2025-09-02,Rohan Mehta,Electronics,South,305.73,5,3.0
1698,04/08/2025,Meera Joshi,Electronics,East ,308.81,4,3.0
1978,28/07/2025,Asha Patil,Beauty,West,39.87,2,4.0
1129,2025-07-29,Sneha Kulkarni,CLOTHI
